{"cameraMode":{"drawMode":0,"name":"Shaded","section":"Shading Mode"},"sceneLighting":true,"audioPlay":false,"sceneViewState":{"showFog":true,"showMaterialUpdate":false,"showSkybox":true,"showFlares":true,"showImageEffects":true,"showParticleSystems":true},"in2DMode":false,"pivot":{"x":0.18666596710681916,"y":2.801318645477295,"z":3.3817696571350099},"rotation":{"x":0.07224929332733154,"y":0.004796414170414209,"z":-0.0003472490352578461,"w":0.9973750114440918},"size":10.259790420532227,"orthographic":false}