{"cameraMode":{"drawMode":0,"name":"Shaded","section":"Shading Mode"},"sceneLighting":true,"audioPlay":false,"sceneViewState":{"showFog":true,"showMaterialUpdate":false,"showSkybox":true,"showFlares":true,"showImageEffects":true,"showParticleSystems":true},"in2DMode":false,"pivot":{"x":-5.229807376861572,"y":3.0149059295654299,"z":5.412520885467529},"rotation":{"x":0.09819084405899048,"y":0.851773202419281,"z":-0.17249666154384614,"w":0.4848565459251404},"size":3.303856611251831,"orthographic":false}