{"cameraMode":{"drawMode":0,"name":"Shaded","section":"Shading Mode"},"sceneLighting":true,"audioPlay":false,"sceneViewState":{"showFog":true,"showMaterialUpdate":false,"showSkybox":true,"showFlares":true,"showImageEffects":true,"showParticleSystems":true},"in2DMode":false,"pivot":{"x":-1.0962543487548829,"y":2.808840036392212,"z":1.7040584087371827},"rotation":{"x":0.058736950159072879,"y":0.9193617701530457,"z":-0.15054863691329957,"w":0.3586907684803009},"size":3.303856611251831,"orthographic":false}